{"speaker_0": [-0.41664971146056096, -1.5114069710355615, -4.0476939651311366, -0.6853200179242074, -4.209369972940562, -5.971233351610387, -0.846445717601221, -1.4283452129144514, -0.8273612518149718, -1.6384878895937107, -0.6686958358745407, -1.447070397081921, -3.5329950123494336, -0.8173642027327456, -3.652343575199877, -2.0859925460772497, -8.31110069739035, -1.2283624245978246, -0.9716932535803928, -1.4873081077777983, -1.713146890626423, -1.1047633784966582, -0.8989535276060849, -0.45301214347320157, -1.417820234772324, -1.5250721401058647, -0.43932000133295246, -1.5361554887339974, -5.443051281653978, -0.18463518924468716, -0.6594798895054222, -2.1931957409033807, -0.48492573941532435, -11.941618734393998, -1.7994136482355176, -4.5773944013274015, -0.5051548509638676, -1.8144234227145999, -1.8898688097659675, -3.410321472948878, -3.685847894638769, -2.07542885083252, -8.091096450137389, -3.115849624768278, -1.8524891363181948, -0.13344970155428704, -1.4986458302537933, -0.18273067858777947, -0.1598078706659191, -0.679360923956779, -0.659586690549888, -3.098515913281917, -0.1283600571463992, -1.1492344915256336, -3.177629279386116, -1.1937543650006726, -3.2523284551526297, -1.3291940898233383, -1.0748979717801481, -0.5646739251829012, -0.20852477892898302, -0.78391999604198, -3.496200653274071, -1.4471022157045197, -1.7197652827727168, -2.7280211123881073, -1.270379553900768, -0.5228892484646724, -0.47405701793027916, -0.47075222794040317, -3.5445792324161456, -1.4555935024060023, -0.9957674724976002, -0.7567455583329342, -3.6119392588710992, -1.7869459824132086, -0.5908335842038724, -2.3323228625280708, -2.247204482972675, -9.337567158660288, -3.766987151114224, -1.51536717919122, -1.3176219287818294, -0.777373401301675, -1.2422861663537417, -0.15563063832609042, -1.4890224495988815, -0.8158625439664681, -0.08950703483172708, -1.1243468894309852, -0.15797473716998986, -0.24250226571683187, -0.2186048264235785, -2.736630568619784, -0.5346660034255172, -2.683342433137957, -1.4296227211865562, -1.1534702173864202, -2.1094580600871575, -0.6590985354099179], "listener_0": [-0.44335888585981276, -1.5613516005909835, -4.658725539380008, -0.8231033581501807, -4.710542420946338, -6.286706405950063, -0.8838083943431607, -1.5358152322240546, -0.910878644172808, -1.7025747416053583, -0.6833847184874489, -1.5509826632451853, -3.8074909281659166, -0.9087164626701264, -4.058834126891806, -2.175690490286705, -8.982128981300948, -1.3832656853392573, -1.1182608494136352, -1.603647278000596, -1.861452065183889, -1.156448505341426, -0.9391328146909279, -0.4818431159467058, -1.465432589007452, -1.5710183041270778, -0.46240995636134163, -1.6663318778490521, -5.74082078390686, -0.18944824740298738, -0.6817894060499057, -2.3252895940674616, -0.5205399699563186, -12.95482100100719, -1.8965235198852495, -4.918738227323262, -0.5450262956958164, -1.8914741843852685, -1.9382526299172644, -3.7286653991163208, -3.9984445293563358, -2.2552312277811835, -8.950150506147128, -3.2634924127116394, -1.860010717110356, -0.1390627312766018, -1.5636296762844415, -0.20440003189822634, -0.1709180050823659, -0.7334343212222673, -0.6915793791126649, -3.2338820422205696, -0.13116427024564947, -1.2245824552530262, -3.332421146803642, -1.3693383142175888, -3.3232958774517645, -1.3928464723858787, -1.1563900112315746, -0.5889238356235921, -0.2176965875385053, -0.8039452575029606, -3.5540605085980492, -1.5078364498907302, -1.7772430204140932, -2.8635535036006328, -1.3094037881507126, -0.5570229441307994, -0.49380939367737414, -0.49495448991902224, -3.6786154008354197, -1.5969914350337513, -1.067967243440066, -0.7988560093408258, -3.803327076368222, -1.9284520225669175, -0.6561204059415072, -2.437766316886286, -2.3971461454571, -10.266144272005354, -4.038680668660058, -1.605852009302505, -1.3294847907653646, -0.8581920507374298, -1.322756220463387, -0.1576462573554542, -1.5190294419735764, -0.8420938099685324, -0.09658781906980358, -1.2002364943191843, -0.16315145060752934, -0.25903788352416035, -0.2298167849870096, -2.8810756974739546, -0.5402779011139981, -2.7634022853957196, -1.4987442631915349, -1.2113582252473865, -2.234809320226782, -0.6849110592383957]}